wspd,pres,humidity,solar_rad,temp
17.483570765056164,1004.9231462897479,81.93432679819888,569.6429809928833,31.708779878885796
14.308678494144077,1009.8967733861732,78.5192154438551,717.6634412969153,39.38085419607943
18.23844269050346,1010.2864274173661,77.4253935248817,656.1983735470066,34.75211919093025
22.61514928204013,1007.9886136538919,77.56210209967773,475.46009603588124,27.115481721687985
13.82923312638332,1011.19357144167,68.98727878049388,558.375549928545,25.50792664325821
13.829315215254097,1014.0202542840727,67.33979610661234,501.39981306823347,32.45959585753253
22.896064077536955,1021.4309295060526,80.23402888696285,482.1270486111577,23.398833964896788
18.837173645764544,1012.8728890641592,80.25283486697953,769.920419404205,39.157293829271765
12.652628070325239,1013.2877519536138,81.67680796450259,671.4030971930094,35.897200603606436
17.712800217929825,1011.6277704211692,82.83101381391178,461.41808094786916,27.654121739476476
12.682911535937688,1002.4061439235048,72.78355997152345,779.9199750866501,21.434327354545612
12.671351232148716,1011.8674306227539,72.53790736718,661.4599041753219,36.76936187082706
16.20981135783017,1012.3011510497051,79.95737947416939,762.5724237677921,29.42730077373691
5.43359877671101,1024.3162105624265,76.24909826944413,725.9257683847225,36.18908155986731
6.375410837434837,1011.0381951760944,77.54917193144259,434.20099781558554,22.027861706028165
12.188562353795136,1013.507736711668,79.89481673590252,487.9637919606061,27.003124885231134
9.93584439832788,1011.8264411514738,82.25013354543916,749.4587210246524,30.026218498590914
16.571236662976368,1006.1566098119023,68.44987892128839,722.074053086693,30.23490296882371
10.459879622393945,1017.7141140725751,69.3895738159986,595.8196812071703,27.74967264260378
7.938481493323542,1015.7596651634339,62.349548496021725,623.4654766617564,33.114249661737496
22.32824384460777,1015.9551597352153,74.45700352490435,855.532979157685,24.661897853087027
13.871118497567322,1007.4530627260264,60.89855684491855,481.685722232834,29.288102574893532
15.33764102343962,1019.0139715546806,71.6399504533115,709.4194762340076,30.601478158559495
7.8762590689327165,1004.9907446860386,73.56611586768942,559.5614695132211,32.57219417029374
12.278086377374088,1014.9342854690013,67.16353130320711,556.4637593545559,33.558074390444446
15.55461294854933,1022.9522781290499,74.77083151422526,819.755370397438,24.376789540810655
9.245032112888486,1007.0473183743466,60.762506248476235,765.0832697976059,22.32942914632189
16.87849009172836,1009.1685113519861,60.93370471873036,762.7019272001277,36.38838410949255
11.996806550405974,1012.4982568254383,80.56501401649146,861.0957614308659,31.661570059897958
13.541531251033616,1009.482621729419,69.00476603528158,604.2007683265518,26.25756731721723
11.991466938853016,1004.2466828446693,63.17651281629712,736.3905942589928,37.75575987761262
24.261390922544688,1012.3428148740302,73.0560815013701,537.9466486813088,30.578373171464293
14.932513876310331,1006.6884814313695,79.24983882746527,664.8332704976884,35.89648592031913
9.711445355220498,1014.3679621531759,65.39552568742108,573.9713891264631,30.337592407050543
19.112724560515943,1007.402878828831,75.57226189547501,619.3991929985436,40.303739624409936
8.895781750144888,1019.7496720250876,62.1336866248442,719.0314050873827,38.77670421221602
16.044317975023777,1008.0837335383188,61.29204302921519,436.3558633533055,28.75517925760463
5.201649380601122,1010.3896924189717,73.2838657892037,1018.477455137092,34.85785475477178
8.359069755507846,1016.0675860868483,73.51587804025266,398.7965237000596,33.226879747925736
15.984306179345618,1005.8456784178302,75.93574753745517,357.16227744245356,36.843157787661745
18.692332899977053,1013.1372996730206,78.15228334306654,831.6221747000136,25.17538269709948
15.856841405949853,1018.5357137714121,84.39630198656337,758.3325387925872,33.4302572999922
14.421758588058797,1003.9625838271938,72.90750870752989,724.823963410431,35.292122434247936
13.494481522053556,1012.9231692926616,68.07391182353115,725.669101852856,21.20630256788443
7.607390048162863,1013.2994139712421,79.87965486921759,597.5506454306171,24.083707436671126
11.400778958026457,1015.9091143588865,66.77080628155186,420.5491257028337,19.803839111199498
12.696806145201062,1005.8152464456095,70.97428551764091,615.1609116387452,28.652965827777212
20.285611131094576,1005.3977169345786,61.96140953355665,464.56765769757766,33.58771127897981
16.71809144784231,1014.6097078280845,60.633768585386434,795.0239466835502,37.51178526048014
6.18479922318633,1013.484923366166,84.06621036694813,570.5885236995723,30.370473902098876
16.620419846973974,1013.2524642517294,80.89950301280514,434.9005606414977,38.14307772785646
13.074588597918417,1013.7322410474849,77.39935515234245,535.7228316694013,23.099492708925542
11.615389998470206,1008.5998763921075,70.22382361035675,682.5862908551248,21.483087803224226
18.05838144420434,1013.1612684858051,64.33235800177114,487.25508943920505,29.722261505516904
20.154997612479754,1013.4653623664934,63.91092606677715,435.5559208867137,31.920327244696537
19.656400595580994,1008.4282429098681,66.25607245411489,648.7374422983825,29.836526259529535
10.803912383886807,1021.3288725557238,73.73066661765301,648.9933142217445,19.662789499800617
13.453938120743928,1014.3691646045589,77.86489806750156,498.61136492577407,29.55439980243606
16.65631715701782,1006.0434825139868,76.50493441794328,505.79233887633546,23.477652497475734
19.877725635611796,1015.2827680431692,66.99834742364857,646.4099874715273,33.348362744150194
12.60412881077355,1007.1265916488634,83.87163201657985,310.38313170053516,31.83299123048424
14.071705116680914,1015.9354230187123,78.44742291739422,318.50724512468895,25.300601068363225
9.468325129969859,1017.792977895037,73.85885131278502,456.3111557495128,27.430665413316532
9.018966879596647,1007.8965884082414,75.2930186558588,557.3105696576306,24.70393239055524
19.062629111970992,1016.8168806462216,70.49000156069475,662.1815131196009,29.68660451363414
21.781200142854114,1014.0639046346824,66.19327473752894,895.0712433899105,34.77571160250619
14.63994939209833,1016.1103007999725,68.89931696628153,771.5319246404039,25.07136976832228
20.01766448946012,1021.4839649132697,78.94615276160923,568.0122940073146,32.52023257758922
16.80818012523817,1010.7730594199857,60.359837215743894,596.1967584194622,27.348711908137794
11.774401226974378,1008.2313191782125,62.9018160126729,399.49412707243823,26.03563583868828
16.80697802754207,1007.5524278518724,61.15006605054382,596.297372801522,29.464848200227213
22.690182832329846,1007.9209485751728,61.018220057974254,542.2682722159724,24.82378838790313
14.820869804450242,1011.6144914529294,81.38651460027518,664.5437120676179,27.23175347326409
22.82321827907003,1013.7057598740832,77.5914464845006,434.5538112895354,24.010610537055758
1.9012744795512777,1013.3834539966501,71.85434572718313,703.8693028482345,39.82362566458195
19.10951252187612,1016.1359162451802,62.445854016275035,906.5477826005156,30.176317759858645
15.435235341190856,1012.0650094593896,72.29039687792081,578.2479703086285,26.50137246003707
13.504963247670663,1019.2676703857866,71.83679426951414,680.3423444197883,31.06989955367111
15.458803882677511,1010.6767158338102,64.33004674775037,738.0287983422224,29.43835975154585
5.0621554269955364,1025.6008458329482,70.84629123094933,519.7559056228328,28.895152002333884
13.90164056081244,1015.128336738825,69.96261835993434,644.8184963620834,33.07083350021713
16.78556285755873,1007.7142122179185,75.39625245130541,602.5184801563589,33.787538550236526
22.38947022370758,1006.6455375096945,75.8773412716911,619.5352197097664,27.34749426194736
12.408648908631763,1014.4123620762159,61.132600244301116,445.3980432289067,27.1209087967766
10.957531985534061,1010.8826860733708,69.36531536566179,604.9020348517886,28.62474151424178
12.491214782077318,1015.5700024704605,75.6464978928559,699.59965824909,18.490394176322077
19.57701058851037,1014.3661881228677,72.5784064645022,890.2287215590084,22.42404468900724
16.643755548298422,1011.6358554367156,81.41224602970806,791.8541652170413,36.83437133722262
12.351198981164806,1007.766031409658,76.46734079047363,1030.6364915023114,38.22483856750642
17.56633716556678,1004.4257638765707,64.07336067703574,446.53048742239014,28.75481980221811
15.485387746740201,1009.7674252396649,61.764218685010746,774.4641273441357,32.88278481527883
19.843224952664446,1016.2819939716173,76.06048195515788,636.6684011476704,31.556250772717682
11.489734530613237,1013.070468720651,60.66278276354055,1037.9605866435345,45.39440404227619
13.361689267011158,1005.7713061064401,74.64438953183658,438.3403429289697,35.59787455717289
13.039459234339212,1012.865904629256,83.50575603562393,432.0556315638448,29.360412042596167
7.682425259339407,1013.9265868986441,74.38685444689698,480.12147091119556,25.22229779699787
16.48060138532288,1007.5807128189944,69.70424815516304,175.22085513803864,21.96776839871214
16.305276360899448,1012.7686255297276,76.08220546105883,494.8489956638478,31.017318179336115
15.025567283212304,1012.29104359223,71.45632226228791,448.1734676892604,26.218246273578483
13.827064333124266,1006.2851485108469,73.64041973289838,630.0787572952415,22.88873145201163
